{
  "channel_mappings": {
    "malware": [
      "malware-alerts",
      "malware",
      "virus-alerts"
    ],
    "vulnerability": [
      "vuln-alerts", 
      "vulnerability-alerts",
      "cve-alerts",
      "security-updates"
    ],
    "breach": [
      "breach-alerts",
      "data-breach",
      "incident-response"
    ],
    "phishing": [
      "phishing-alerts",
      "social-engineering",
      "scam-alerts"
    ],
    "ransomware": [
      "ransomware-alerts",
      "ransom-alerts"
    ],
    "apt": [
      "apt-alerts",
      "advanced-threats",
      "nation-state"
    ],
    "general": [
      "threat-intel",
      "cybersec-alerts", 
      "security-feed",
      "ghost-alerts",
      "cti-feed"
    ],
    "critical": [
      "critical-alerts",
      "emergency-alerts",
      "urgent"
    ]
  },
  "fallback_channels": [
    "threat-intel",
    "general",
    "cybersecurity"
  ],
  "channel_descriptions": {
    "threat-intel": "General threat intelligence and security news",
    "malware-alerts": "Malware samples, analysis, and indicators",
    "vuln-alerts": "Vulnerability disclosures and CVE information", 
    "breach-alerts": "Data breaches and security incidents",
    "phishing-alerts": "Phishing campaigns and social engineering",
    "ransomware-alerts": "Ransomware attacks and indicators",
    "apt-alerts": "Advanced Persistent Threat intelligence",
    "critical-alerts": "Critical security alerts requiring immediate attention"
  }
}
