{
  "version": "1.0",
  "description": "GhostSEC Alert Notification Configuration",
  "notification_rules": [
    {
      "name": "critical_alerts",
      "enabled": true,
      "conditions": {
        "min_severity": "critical",
        "categories": ["ransomware", "apt", "breach"]
      },
      "delivery_methods": ["discord", "email"],
      "escalation": {
        "enabled": false,
        "delay_minutes": 30,
        "max_escalations": 3
      }
    },
    {
      "name": "high_priority_alerts", 
      "enabled": true,
      "conditions": {
        "min_severity": "high",
        "min_priority_score": 70
      },
      "delivery_methods": ["discord"],
      "throttle": {
        "enabled": true,
        "max_per_hour": 10
      }
    },
    {
      "name": "correlation_alerts",
      "enabled": true,
      "conditions": {
        "min_correlations": 3,
        "campaign_detected": true
      },
      "delivery_methods": ["discord", "email"]
    }
  ],
  "delivery_methods": {
    "email": {
      "enabled": false,
      "smtp_server": "smtp.gmail.com",
      "smtp_port": 587,
      "username": null,
      "password": null,
      "from_address": null,
      "to_addresses": []
    },
    "sms": {
      "enabled": false,
      "provider": "twilio",
      "account_sid": null,
      "auth_token": null,
      "from_number": null,
      "to_numbers": []
    },
    "slack": {
      "enabled": false,
      "webhook_url": null,
      "channel": "#security-alerts",
      "username": "GhostSEC"
    },
    "teams": {
      "enabled": false,
      "webhook_url": null
    },
    "discord": {
      "enabled": true,
      "channel_mapping": {
        "critical": "critical-alerts",
        "high": "high-alerts", 
        "medium": "medium-alerts",
        "low": "low-alerts"
      }
    }
  }
}