{
  "version": "1.0",
  "last_updated": "2025-06-21",
  "sources": [
    {
      "name": "US-CERT Alerts",
      "type": "rss",
      "url": "https://www.us-cert.gov/ncas/alerts.xml",
      "category": "vulnerability",
      "severity_default": "high",
      "active": true,
      "update_frequency": 15,
      "description": "US-CERT security alerts and advisories",
      "reliability": "high",
      "tags": ["government", "official", "cisa"]
    },
    {
      "name": "SANS Internet Storm Center",
      "type": "rss",
      "url": "https://isc.sans.edu/rssfeed.xml", 
      "category": "general",
      "severity_default": "medium",
      "active": true,
      "update_frequency": 15,
      "description": "SANS ISC threat intelligence and analysis",
      "reliability": "high",
      "tags": ["sans", "research", "analysis"]
    },
    {
      "name": "National Vulnerability Database",
      "type": "rss",
      "url": "https://nvd.nist.gov/feeds/xml/cve/misc/nvd-rss.xml",
      "category": "vulnerability",
      "severity_default": "medium", 
      "active": true,
      "update_frequency": 30,
      "description": "NIST NVD vulnerability database feed",
      "reliability": "high",
      "tags": ["nist", "cve", "vulnerabilities"]
    },
    {
      "name": "Krebs on Security",
      "type": "rss",
      "url": "https://krebsonsecurity.com/feed/",
      "category": "breach",
      "severity_default": "medium",
      "active": true,
      "update_frequency": 60,
      "description": "Security news and breach investigations",
      "reliability": "high",
      "tags": ["journalism", "investigations", "breaches"]
    },
    {
      "name": "Cisco Talos Intelligence",
      "type": "rss", 
      "url": "https://talosintelligence.com/rss",
      "category": "general",
      "severity_default": "medium",
      "active": true,
      "update_frequency": 30,
      "description": "Cisco Talos threat research and intelligence",
      "reliability": "high",
      "tags": ["cisco", "research", "malware"]
    },
    {
      "name": "FireEye Threat Intelligence",
      "type": "rss",
      "url": "https://www.fireeye.com/blog/threat-research/_jcr_content.feed",
      "category": "apt",
      "severity_default": "high",
      "active": true,
      "update_frequency": 60,
      "description": "FireEye APT and advanced threat research",
      "reliability": "high",
      "tags": ["fireeye", "apt", "advanced-threats"]
    },
    {
      "name": "AlienVault OTX",
      "type": "api",
      "url": "https://otx.alienvault.com/api/v1/indicators/export",
      "category": "general",
      "severity_default": "medium",
      "active": true,
      "auth_token_env": "ALIENVAULT_API_KEY",
      "update_frequency": 30,
      "description": "AlienVault Open Threat Exchange indicators",
      "reliability": "medium",
      "tags": ["otx", "indicators", "community"]
    },
    {
      "name": "VirusTotal Intelligence",
      "type": "api",
      "url": "https://www.virustotal.com/vtapi/v2/file/report",
      "category": "malware",
      "severity_default": "high", 
      "active": true,
      "auth_token_env": "VIRUSTOTAL_API_KEY",
      "update_frequency": 15,
      "description": "VirusTotal malware detection intelligence",
      "reliability": "high",
      "tags": ["virustotal", "malware", "detection"]
    },
    {
      "name": "Shodan Stream",
      "type": "api",
      "url": "https://stream.shodan.io/",
      "category": "vulnerability",
      "severity_default": "medium",
      "active": true,
      "auth_token_env": "SHODAN_API_KEY", 
      "update_frequency": 10,
      "description": "Shodan internet scanning and exposure data",
      "reliability": "medium",
      "tags": ["shodan", "scanning", "exposure"]
    },
    {
      "name": "IBM X-Force Exchange",
      "type": "api",
      "url": "https://api.xforce.ibmcloud.com/",
      "category": "general",
      "severity_default": "medium",
      "active": false,
      "auth_token_env": "XFORCE_API_KEY",
      "update_frequency": 30,
      "description": "IBM X-Force threat intelligence platform",
      "reliability": "high",
      "tags": ["ibm", "xforce", "enterprise"]
    }
  ],
  "source_categories": [
    "vulnerability",
    "malware", 
    "breach",
    "phishing",
    "ransomware",
    "apt",
    "general"
  ],
  "severity_levels": [
    "low",
    "medium", 
    "high",
    "critical"
  ]
}
