{
  "version": "1.0",
  "description": "GhostSEC Enterprise Webhook Configuration",
  "webhooks": [
    {
      "name": "Security Operations Center",
      "url": "https://your-soc.company.com/api/webhooks/ghostsec",
      "secret": "your_webhook_secret_here",
      "enabled": false,
      "filters": {
        "min_severity": "medium",
        "categories": ["malware", "vulnerability", "breach", "apt"],
        "min_iocs": 1
      },
      "headers": {
        "X-API-Key": "your_api_key_here"
      }
    },
    {
      "name": "Slack Security Channel",
      "url": "https://hooks.slack.com/services/YOUR/SLACK/WEBHOOK",
      "enabled": false,
      "filters": {
        "min_severity": "high"
      }
    }
  ]
}