{
  "_metadata": {
    "created": "2025-06-21",
    "description": "Duplicate detection cache for GhostSEC bot",
    "version": "1.0"
  },
  "cd4343b6d50a0793aa1977966465a10f20c50f5899459a0e202c74b785e3caa7": {
    "timestamp": "2025-06-21T13:52:42.904735",
    "title": "ADS &#x26; Python Tools, (Sat, Jun 21st)",
    "source": "SANS Internet Storm Center",
    "category": "general"
  },
  "39c47332f00bc61cf26ebc1e9d81c4c8": {
    "timestamp": "2025-06-21T13:52:42.904735",
    "title": "ADS &#x26; Python Tools, (Sat, Jun 21st)",
    "source": "SANS Internet Storm Center",
    "category": "general"
  },
  "ab511e2f82abb4b53b0f9cadde01c839": {
    "timestamp": "2025-06-21T13:52:42.904735",
    "title": "ADS &#x26; Python Tools, (Sat, Jun 21st)",
    "source": "SANS Internet Storm Center",
    "category": "general"
  },
  "8b55b0140e84c22d1b1c924e77f4f71bd4dd51fc5722eaedf2e4b3462fc9f77f": {
    "timestamp": "2025-06-21T13:52:42.904826",
    "title": "ISC Stormcast For Friday, June 20th, 2025 https://isc.sans.edu/podcastdetail/9498, (Fri, Jun 20th)",
    "source": "SANS Internet Storm Center",
    "category": "general"
  },
  "7064538256a64e7e7100cc9e571562e8": {
    "timestamp": "2025-06-21T13:52:42.904826",
    "title": "ISC Stormcast For Friday, June 20th, 2025 https://isc.sans.edu/podcastdetail/9498, (Fri, Jun 20th)",
    "source": "SANS Internet Storm Center",
    "category": "general"
  },
  "b76203fac6088160ac5694a5503e671f": {
    "timestamp": "2025-06-21T13:52:42.904826",
    "title": "ISC Stormcast For Friday, June 20th, 2025 https://isc.sans.edu/podcastdetail/9498, (Fri, Jun 20th)",
    "source": "SANS Internet Storm Center",
    "category": "general"
  },
  "8e7eef7c7f22db04f8c96447d7c4dce748d26afee239fbd6be672f85524720b4": {
    "timestamp": "2025-06-21T13:52:42.904870",
    "title": "Don&#x3f;t Make it Easier than it Already is&#x3f;..Default Passwords &#x5b;Guest Diary&#x5d;, (Wed,",
    "source": "SANS Internet Storm Center",
    "category": "general"
  },
  "354be57dc9e502d4710b2f34f2483aa9": {
    "timestamp": "2025-06-21T13:52:42.904870",
    "title": "Don&#x3f;t Make it Easier than it Already is&#x3f;..Default Passwords &#x5b;Guest Diary&#x5d;, (Wed,",
    "source": "SANS Internet Storm Center",
    "category": "general"
  },
  "9603c271355079469532c6a0b2250cda": {
    "timestamp": "2025-06-21T13:52:42.904870",
    "title": "Don&#x3f;t Make it Easier than it Already is&#x3f;..Default Passwords &#x5b;Guest Diary&#x5d;, (Wed,",
    "source": "SANS Internet Storm Center",
    "category": "general"
  },
  "1b46715411f01226cf11f23d1d018a1a9fd0af8d73c2f2972b481b6a3f289a36": {
    "timestamp": "2025-06-21T13:52:42.905270",
    "title": "How Long Until the Phishing Starts&#x3f; About Two Weeks, (Tue, Jun 17th)",
    "source": "SANS Internet Storm Center",
    "category": "general"
  },
  "b739603ad943f4cabb21c30f13e42f0c": {
    "timestamp": "2025-06-21T13:52:42.905270",
    "title": "How Long Until the Phishing Starts&#x3f; About Two Weeks, (Tue, Jun 17th)",
    "source": "SANS Internet Storm Center",
    "category": "general"
  },
  "497243475f351bc165d473c4b0f6f192": {
    "timestamp": "2025-06-21T13:52:42.905270",
    "title": "How Long Until the Phishing Starts&#x3f; About Two Weeks, (Tue, Jun 17th)",
    "source": "SANS Internet Storm Center",
    "category": "general"
  },
  "6b3ee438977ac718f3a868cdb257a6c8abe3ae9a7cc900e94af68a0c98e49ffc": {
    "timestamp": "2025-06-21T13:52:42.905323",
    "title": "ISC Stormcast For Tuesday, June 17th, 2025 https://isc.sans.edu/podcastdetail/9496, (Tue, Jun 17th)",
    "source": "SANS Internet Storm Center",
    "category": "general"
  },
  "5fe5feb7ff55d9e82d0b682c93f0288b": {
    "timestamp": "2025-06-21T13:52:42.905323",
    "title": "ISC Stormcast For Tuesday, June 17th, 2025 https://isc.sans.edu/podcastdetail/9496, (Tue, Jun 17th)",
    "source": "SANS Internet Storm Center",
    "category": "general"
  },
  "52fa05170d1ef16b9056d4cf1442dbf9": {
    "timestamp": "2025-06-21T13:52:42.905323",
    "title": "ISC Stormcast For Tuesday, June 17th, 2025 https://isc.sans.edu/podcastdetail/9496, (Tue, Jun 17th)",
    "source": "SANS Internet Storm Center",
    "category": "general"
  },
  "1f51ee7a3da7381546ec61f770ea6ea553716d016d8ead0ac43605ebf10ccfab": {
    "timestamp": "2025-06-21T13:52:42.905365",
    "title": "A JPEG With A Payload, (Mon, Jun 16th)",
    "source": "SANS Internet Storm Center",
    "category": "general"
  },
  "2ca5056faeeb695c6bf03734ae146281": {
    "timestamp": "2025-06-21T13:52:42.905365",
    "title": "A JPEG With A Payload, (Mon, Jun 16th)",
    "source": "SANS Internet Storm Center",
    "category": "general"
  },
  "9a3e3c4cd6ba9744f8906d5df60bbe19": {
    "timestamp": "2025-06-21T13:52:42.905365",
    "title": "A JPEG With A Payload, (Mon, Jun 16th)",
    "source": "SANS Internet Storm Center",
    "category": "general"
  },
  "2bcf37b695da5e0d298a9df5b63c07be10bfdde732b54f382391959f02e266b1": {
    "timestamp": "2025-06-21T13:52:42.905430",
    "title": "ISC Stormcast For Monday, June 16th, 2025 https://isc.sans.edu/podcastdetail/9494, (Mon, Jun 16th)",
    "source": "SANS Internet Storm Center",
    "category": "general"
  },
  "20db96478e9b837960da8771c2e8304d": {
    "timestamp": "2025-06-21T13:52:42.905430",
    "title": "ISC Stormcast For Monday, June 16th, 2025 https://isc.sans.edu/podcastdetail/9494, (Mon, Jun 16th)",
    "source": "SANS Internet Storm Center",
    "category": "general"
  },
  "139078dd4db0b4be7f23a8a7a07a5f83": {
    "timestamp": "2025-06-21T13:52:42.905430",
    "title": "ISC Stormcast For Monday, June 16th, 2025 https://isc.sans.edu/podcastdetail/9494, (Mon, Jun 16th)",
    "source": "SANS Internet Storm Center",
    "category": "general"
  },
  "19754a4d1a816f1b894207fdebac92a6ff48d86d633671fa70ed3bdea5ad9136": {
    "timestamp": "2025-06-21T13:52:42.905480",
    "title": "More Steganography&#x21;, (Sat, Jun 14th)",
    "source": "SANS Internet Storm Center",
    "category": "general"
  },
  "cb7169a567504ddf228caaab14b4b777": {
    "timestamp": "2025-06-21T13:52:42.905480",
    "title": "More Steganography&#x21;, (Sat, Jun 14th)",
    "source": "SANS Internet Storm Center",
    "category": "general"
  },
  "80140bddd26ed7d82502857e5ad608ce": {
    "timestamp": "2025-06-21T13:52:42.905480",
    "title": "More Steganography&#x21;, (Sat, Jun 14th)",
    "source": "SANS Internet Storm Center",
    "category": "general"
  },
  "9a25cf60e5bb74dbc74d7637f6ee486d696acdd673b964773b4831105ea33c03": {
    "timestamp": "2025-06-21T13:52:42.905534",
    "title": "ISC Stormcast For Friday, June 13th, 2025 https://isc.sans.edu/podcastdetail/9492, (Fri, Jun 13th)",
    "source": "SANS Internet Storm Center",
    "category": "general"
  },
  "4d6c0c7dbb4ad72a8851e1ad0ce373ea": {
    "timestamp": "2025-06-21T13:52:42.905534",
    "title": "ISC Stormcast For Friday, June 13th, 2025 https://isc.sans.edu/podcastdetail/9492, (Fri, Jun 13th)",
    "source": "SANS Internet Storm Center",
    "category": "general"
  },
  "ef09f584610dbd5fbee5bd5422e1f071": {
    "timestamp": "2025-06-21T13:52:42.905534",
    "title": "ISC Stormcast For Friday, June 13th, 2025 https://isc.sans.edu/podcastdetail/9492, (Fri, Jun 13th)",
    "source": "SANS Internet Storm Center",
    "category": "general"
  },
  "e254a7f74355c554c124933f47cc3c193ff7d330ec9953672a5a965d6c1427c0": {
    "timestamp": "2025-06-21T13:52:42.905572",
    "title": "&#x5b;Guest Diary&#x5d; Anatomy of a Linux SSH Honeypot Attack: Detailed Analysis of Captured Malwar",
    "source": "SANS Internet Storm Center",
    "category": "general"
  },
  "02be848deaf32c25788eead89faae214": {
    "timestamp": "2025-06-21T13:52:42.905572",
    "title": "&#x5b;Guest Diary&#x5d; Anatomy of a Linux SSH Honeypot Attack: Detailed Analysis of Captured Malwar",
    "source": "SANS Internet Storm Center",
    "category": "general"
  },
  "b0e5bb2836346ac8888fa8b7e1310cc0": {
    "timestamp": "2025-06-21T13:52:42.905572",
    "title": "&#x5b;Guest Diary&#x5d; Anatomy of a Linux SSH Honeypot Attack: Detailed Analysis of Captured Malwar",
    "source": "SANS Internet Storm Center",
    "category": "general"
  },
  "9d4810eee0f3b04553c82ad40c4c1c2df16699bcda705b4f9f957e80f1405ab2": {
    "timestamp": "2025-06-21T13:52:44.035773",
    "title": "Ransomware Actors Exploit Unpatched SimpleHelp Remote Monitoring and Management to Compromise Utilit",
    "source": "US-CERT Alerts",
    "category": "vulnerability"
  },
  "47aeb1506be6c55245312db389cf086f": {
    "timestamp": "2025-06-21T13:52:44.035773",
    "title": "Ransomware Actors Exploit Unpatched SimpleHelp Remote Monitoring and Management to Compromise Utilit",
    "source": "US-CERT Alerts",
    "category": "vulnerability"
  },
  "8fe951f2f914a2c460e63529fbf8d4e3": {
    "timestamp": "2025-06-21T13:52:44.035773",
    "title": "Ransomware Actors Exploit Unpatched SimpleHelp Remote Monitoring and Management to Compromise Utilit",
    "source": "US-CERT Alerts",
    "category": "vulnerability"
  },
  "56892ceb4757b2acf8e5308ed68d05de9ff0dc0fcf6a11479482201d4e394c9f": {
    "timestamp": "2025-06-21T13:52:44.035891",
    "title": "Threat Actors Deploy LummaC2 Malware to Exfiltrate Sensitive Data from Organizations",
    "source": "US-CERT Alerts",
    "category": "vulnerability"
  },
  "32061c6d394dfd2e68c7ab8b63b2e74c": {
    "timestamp": "2025-06-21T13:52:44.035891",
    "title": "Threat Actors Deploy LummaC2 Malware to Exfiltrate Sensitive Data from Organizations",
    "source": "US-CERT Alerts",
    "category": "vulnerability"
  },
  "30fc4c81097bba5a1a5c58882f85ca4b": {
    "timestamp": "2025-06-21T13:52:44.035891",
    "title": "Threat Actors Deploy LummaC2 Malware to Exfiltrate Sensitive Data from Organizations",
    "source": "US-CERT Alerts",
    "category": "vulnerability"
  },
  "47a09baee1e9b5478c7eadb3f397be0d23af341cb16b8cc83c678476c4ab9a07": {
    "timestamp": "2025-06-21T13:52:44.035968",
    "title": "Russian GRU Targeting Western Logistics Entities and Technology Companies",
    "source": "US-CERT Alerts",
    "category": "vulnerability"
  },
  "234f992dbe24244cb2567a722bfc8352": {
    "timestamp": "2025-06-21T13:52:44.035968",
    "title": "Russian GRU Targeting Western Logistics Entities and Technology Companies",
    "source": "US-CERT Alerts",
    "category": "vulnerability"
  },
  "00f9aecf0d32866552d0cda9d57b0738": {
    "timestamp": "2025-06-21T13:52:44.035968",
    "title": "Russian GRU Targeting Western Logistics Entities and Technology Companies",
    "source": "US-CERT Alerts",
    "category": "vulnerability"
  },
  "6c676c664c7d9873cfc0b54323f3990c46e4ed0b7ddc624cbbe87e1a4ac264f3": {
    "timestamp": "2025-06-21T13:52:44.036566",
    "title": "Fast Flux: A National Security Threat",
    "source": "US-CERT Alerts",
    "category": "vulnerability"
  },
  "e155338e4b5f81a77daa049a7cbc9dbc": {
    "timestamp": "2025-06-21T13:52:44.036566",
    "title": "Fast Flux: A National Security Threat",
    "source": "US-CERT Alerts",
    "category": "vulnerability"
  },
  "ed55a080b0ca9110e9c6c181de5285a5": {
    "timestamp": "2025-06-21T13:52:44.036566",
    "title": "Fast Flux: A National Security Threat",
    "source": "US-CERT Alerts",
    "category": "vulnerability"
  },
  "822fdb5924374d2590330a7bf1abd654372946874f19e96b082bf3e6e230f81a": {
    "timestamp": "2025-06-21T13:52:44.036629",
    "title": "#StopRansomware: Medusa Ransomware",
    "source": "US-CERT Alerts",
    "category": "vulnerability"
  },
  "85c529c411deadef2d2502b544385129": {
    "timestamp": "2025-06-21T13:52:44.036629",
    "title": "#StopRansomware: Medusa Ransomware",
    "source": "US-CERT Alerts",
    "category": "vulnerability"
  },
  "c28954585cc0c2f56df93fbdda8d62f5": {
    "timestamp": "2025-06-21T13:52:44.036629",
    "title": "#StopRansomware: Medusa Ransomware",
    "source": "US-CERT Alerts",
    "category": "vulnerability"
  },
  "86b222ad64f63f037666a81a8a882d995875148cf126f03ef03e6dc8dae11f1a": {
    "timestamp": "2025-06-21T13:52:44.036669",
    "title": "#StopRansomware: Ghost (Cring) Ransomware",
    "source": "US-CERT Alerts",
    "category": "vulnerability"
  },
  "bb236d1bef05ed42442dd704765cafdd": {
    "timestamp": "2025-06-21T13:52:44.036669",
    "title": "#StopRansomware: Ghost (Cring) Ransomware",
    "source": "US-CERT Alerts",
    "category": "vulnerability"
  },
  "ada47a6dec29a0450bf1fc02eec7cf2b": {
    "timestamp": "2025-06-21T13:52:44.036669",
    "title": "#StopRansomware: Ghost (Cring) Ransomware",
    "source": "US-CERT Alerts",
    "category": "vulnerability"
  },
  "0dd518acad81273536acbd22dc70745da30532284aa1c184d1be5948a4ef2a45": {
    "timestamp": "2025-06-21T13:52:44.036710",
    "title": "Threat Actors Chained Vulnerabilities in Ivanti Cloud Service Applications",
    "source": "US-CERT Alerts",
    "category": "vulnerability"
  },
  "6e731142d082c03f466ce595bacdd0c2": {
    "timestamp": "2025-06-21T13:52:44.036710",
    "title": "Threat Actors Chained Vulnerabilities in Ivanti Cloud Service Applications",
    "source": "US-CERT Alerts",
    "category": "vulnerability"
  },
  "78cbd1e578c8c53d3d5b0e6f7147cc54": {
    "timestamp": "2025-06-21T13:52:44.036710",
    "title": "Threat Actors Chained Vulnerabilities in Ivanti Cloud Service Applications",
    "source": "US-CERT Alerts",
    "category": "vulnerability"
  },
  "686c8c3cdf7535875412b31a3b842eb09797e07b02eef7b5ebfa6136e2240308": {
    "timestamp": "2025-06-21T13:52:44.036776",
    "title": "Enhancing Cyber Resilience: Insights from CISA Red Team Assessment of a US Critical Infrastructure S",
    "source": "US-CERT Alerts",
    "category": "vulnerability"
  },
  "f0419d36fc9f7c5cc57b1ec797230306": {
    "timestamp": "2025-06-21T13:52:44.036776",
    "title": "Enhancing Cyber Resilience: Insights from CISA Red Team Assessment of a US Critical Infrastructure S",
    "source": "US-CERT Alerts",
    "category": "vulnerability"
  },
  "d1a696f0e881dd8a1cb11fd27d942155": {
    "timestamp": "2025-06-21T13:52:44.036776",
    "title": "Enhancing Cyber Resilience: Insights from CISA Red Team Assessment of a US Critical Infrastructure S",
    "source": "US-CERT Alerts",
    "category": "vulnerability"
  },
  "5b178b27dbb9ec3dcff987c106eebe78162c8b3c134f5d2305a247294862de90": {
    "timestamp": "2025-06-21T13:52:44.036818",
    "title": "2023 Top Routinely Exploited Vulnerabilities",
    "source": "US-CERT Alerts",
    "category": "vulnerability"
  },
  "8312e75cdc1e894305425e8f1ff73182": {
    "timestamp": "2025-06-21T13:52:44.036818",
    "title": "2023 Top Routinely Exploited Vulnerabilities",
    "source": "US-CERT Alerts",
    "category": "vulnerability"
  },
  "3fae3ffd8cae05f81289ea9b6699c159": {
    "timestamp": "2025-06-21T13:52:44.036818",
    "title": "2023 Top Routinely Exploited Vulnerabilities",
    "source": "US-CERT Alerts",
    "category": "vulnerability"
  },
  "666d35bddd9c80aa19622d96f095b56f6213bb1140316039b95b0bbd71304323": {
    "timestamp": "2025-06-21T13:52:44.036860",
    "title": "Iranian Cyber Actors\u2019 Brute Force and Credential Access Activity Compromises Critical Infrastructure",
    "source": "US-CERT Alerts",
    "category": "vulnerability"
  },
  "a499f5bf1fd8a5e17eb2d230702a7d6d": {
    "timestamp": "2025-06-21T13:52:44.036860",
    "title": "Iranian Cyber Actors\u2019 Brute Force and Credential Access Activity Compromises Critical Infrastructure",
    "source": "US-CERT Alerts",
    "category": "vulnerability"
  },
  "fdce30ddb1792a6103322a28426bcd22": {
    "timestamp": "2025-06-21T13:52:44.036860",
    "title": "Iranian Cyber Actors\u2019 Brute Force and Credential Access Activity Compromises Critical Infrastructure",
    "source": "US-CERT Alerts",
    "category": "vulnerability"
  },
  "abf848ac4d8bb184c42c86ce9178da9d40b5d3b149cacefc7aa299ea29b7a3fc": {
    "timestamp": "2025-06-21T13:52:44.134430",
    "title": "Inside a Dark Adtech Empire Fed by Fake CAPTCHAs",
    "source": "Krebs on Security",
    "category": "breach"
  },
  "61b4e5c6344a863ff3bd8e81d774e3cc": {
    "timestamp": "2025-06-21T13:52:44.134430",
    "title": "Inside a Dark Adtech Empire Fed by Fake CAPTCHAs",
    "source": "Krebs on Security",
    "category": "breach"
  },
  "4873cdca8da938fc0378adbc6510033e": {
    "timestamp": "2025-06-21T13:52:44.134430",
    "title": "Inside a Dark Adtech Empire Fed by Fake CAPTCHAs",
    "source": "Krebs on Security",
    "category": "breach"
  },
  "0562bfc511f19f25b669d02c4432761b6c51aa4ec0ca1955bef188f548bf92a2": {
    "timestamp": "2025-06-21T13:52:44.134503",
    "title": "Patch Tuesday, June 2025 Edition",
    "source": "Krebs on Security",
    "category": "breach"
  },
  "2a60d446dfd8b853c4630e06689c897b": {
    "timestamp": "2025-06-21T13:52:44.134503",
    "title": "Patch Tuesday, June 2025 Edition",
    "source": "Krebs on Security",
    "category": "breach"
  },
  "6f0e044e84b4a676a7447a7d6fff01a3": {
    "timestamp": "2025-06-21T13:52:44.134503",
    "title": "Patch Tuesday, June 2025 Edition",
    "source": "Krebs on Security",
    "category": "breach"
  },
  "87dd15c0763aac326bcbcc80cbf1e0cbedcee3edc8250bb4b103deaa67059dbe": {
    "timestamp": "2025-06-21T13:52:44.134535",
    "title": "Proxy Services Feast on Ukraine\u2019s IP Address Exodus",
    "source": "Krebs on Security",
    "category": "breach"
  },
  "0a9f9c4b66d2315865abda10b26a307c": {
    "timestamp": "2025-06-21T13:52:44.134535",
    "title": "Proxy Services Feast on Ukraine\u2019s IP Address Exodus",
    "source": "Krebs on Security",
    "category": "breach"
  },
  "45f841017506281dbd973d41e40bf51d": {
    "timestamp": "2025-06-21T13:52:44.134535",
    "title": "Proxy Services Feast on Ukraine\u2019s IP Address Exodus",
    "source": "Krebs on Security",
    "category": "breach"
  },
  "fbc44de2862e88b8d45acbe8b783cd60d52bbf57e0455a16628ded768a16d020": {
    "timestamp": "2025-06-21T13:53:10.901709",
    "title": "Critical Zero-Day Exploit Detected in Enterprise Software",
    "source": "Demo Security Feed",
    "category": "general"
  },
  "cd7e30ef905b919b25fd4ddc88b1c98f": {
    "timestamp": "2025-06-21T13:53:10.901709",
    "title": "Critical Zero-Day Exploit Detected in Enterprise Software",
    "source": "Demo Security Feed",
    "category": "general"
  },
  "4919a9bb20a636e97f6890fe2f214929": {
    "timestamp": "2025-06-21T13:53:10.901709",
    "title": "Critical Zero-Day Exploit Detected in Enterprise Software",
    "source": "Demo Security Feed",
    "category": "general"
  },
  "5502a205dc072e2ff42ad164a3a0fe193d1fca9fd3ae49b5bd9e4bf467a46ba4": {
    "timestamp": "2025-06-21T13:53:10.910288",
    "title": "Ransomware Campaign Targeting Healthcare Sector",
    "source": "Demo Security Feed",
    "category": "general"
  },
  "3790343797591b387794acdcf4bdc028": {
    "timestamp": "2025-06-21T13:53:10.910288",
    "title": "Ransomware Campaign Targeting Healthcare Sector",
    "source": "Demo Security Feed",
    "category": "general"
  },
  "1b17c6c5d89fed6ea3d95814e9a6840e": {
    "timestamp": "2025-06-21T13:53:10.910288",
    "title": "Ransomware Campaign Targeting Healthcare Sector",
    "source": "Demo Security Feed",
    "category": "general"
  }
}